{
 "books": [
 {
 "naziv": "The Alchemist",
 "autor": ["Paulo Coelho"],
 "zanr": ["Fantastika", "Drama", "Avantura"],
 "datumIzdavanja": "1993-05-01",
 "opis": "Paulo Coelho's masterpiece tells the mystical story of Santiago, an Andalusian shepherd boy who yearns to travel in search of a worldly treasure. His quest will lead him to riches far different, and far more satisfying, listening to our hearts, of recognizing opportunity and learning to read the omens strewn along life's path, and, most importantly, to follow our dreams."
 },
 {
 "naziv": "Kainov ožiljak",
 "autor": ["Dejan Stojiljković", "Vladimir Kecmanović"],
 "zanr": ["Avantura", "Fantastika"],
 "datumIzdavanja": "2014-10-13",
 "opis": "Roman o misiji Ive Andrića u nacističkoj Nemačkoj.\nProleće je 1939. godine i Evropa je na ivici novog rata. U Berlin, prestonicu nacističke Nemačke, Kraljevina Jugoslavija šalje novog ambasadora. Reč je o vrsnom diplomati, uglednom intelektualcu i književniku Ivi Andriću. Dan nakon prijema kod vođe „hiljadugodišnjeg“ Rajha Adolfa Hitlera, poslanik Andrić će na zgarištu ispred Berlinske opere pronaći knjigu pesama koja nosi naslov Kainov ožiljak. Napisao ju je austrijski nacista rođen u Bosni, misteriozno nestao u Noći dugih noževa. Istovremeno, prateći političke potrese u Evropi, kreću diplomatske i špijunske igre između Nemačke i Kraljevine Jugoslavije koje će imati tragičan ishod u potpisivanju Trojnog pakta, puču 27. marta i neminovnom ratu u kome će goreti cela Evropa. U srcu velikog zla, progonjen nemirima, nesanicom i žudnjom, rastrzan između dužnosti, ljubavi i moralnih dilema, ambasador Andrić će krenuti u potragu za zagonetnim zemljakom i tajnom njegove uklete knjige.\nRoman Kainov ožiljak je istovremeno uzbudljiv politički triler, priča o nemogućoj ljubavi, potresna istorijska drama, Универзитет у Београду Електротехнички факултет Катедра за рачунарску технику информатику 7 parabola o ljudskosti u dehumanizovanom svetu, partija karata sa đavolom, faustovska dilema jednog velikog pisca i hipoteza o tome kako je nastao Andrićev roman Prokleta avlija."
 },
 {
 "naziv": "A Man Called Ove",
 "autor": ["Fredrik Backman"],
 "zanr": ["Fantastika"],
 "datumIzdavanja": "2012-08-27",
 "opis": "A grumpy yet loveable man finds his solitary world turned on its head when a boisterous young family moves in next door.\nMeet Ove. He's a curmudgeon, the kind of man who points at people he dislikes as if they were burglars caught outside his bedroom window. He has staunch principles, strict routines, and a short fuse. People call him the bitter neighbor from hell, but must Ove be bitter just because he doesn't walk around with a smile plastered to his face all the time?\nBehind the cranky exterior there is a story and a sadness. So when one November morning a chatty young couple with two chatty young daughters move in next door and accidentally flatten Ove's mailbox, it is the lead-in to a comical and heartwarming tale of unkempt cats, unexpected friendship, and the ancient art of backing up a U-Haul. All of which will change one cranky old man and a local residents' association to their very foundations."
 }
 ]
}